Weapon Attachments Template,"Everything in the first row is ignored by the parser. Use it as a header, or whatever you like.",,,,,,,,,,,,,,,,,,,,,,,,,,,,,,
Attachment ID,Attachment/Weapon Name,Weapon Override,Weapon Class,Subclasses,Magazine Mod,Total Ammo Add Bonus,Total Ammo Mul Index,Total Ammo Mul Bonus,Fire Rate,Damage,Damage Mul,Accuracy,Stability,Conceal. Mod,Supp. Index,Threat Mod,Reload Mul Index,Reload Multiplier,Zoom,Alert Size,Value,Price,Wipe custom_stats,Pick. Low Mod,Pick. High Mod,Wall Piercing,Overpenetration,Shield Piercing,Armor Piercing Chance,Perks,Sub Type
,Example Mods,,,,,,,,,,,,,,,,,,,,,,,,,,,,,,
,Overextended Magazine,,,,12,-10,10,0.5,,,,,,,,,21,2,9,,,,,,,TRUE,TRUE,TRUE,1,,
,Overextended Magazine (Cash Grabbem's Signature Blunderbuss),wpn_fps_gage_ass_blaster,,Poison; Area Denial,15,-30,-10,-0.5,,,,,,,,,,0,,,,,,,,,,,,,
,Overextended Magazine (CAR-4),wpn_fps_ass_m4,,Poison; Area Denial,16,-28,-5,-0.25,,,,,,,,,,0,,,,,,,,,,,,,
,>UNIVERSAL SHOTGUN ATTACHMENTS,,,,,,,,,,,,,,,,,,,,,,,,,,,,,,
,Shotgun Chokes (Added in TCD),,,,,,,,,,,,,,,,,,,,,,,,,,,,,,
wpn_fps_sho_choke_a,Standard,,,,,,,0,,,,,,,,,,0,,,,,,,,,,,,,
wpn_fps_sho_choke_b,Cylinder,,,,,,,0,,,,-40,,,,,,0,,,,,,,,,,,,,
wpn_fps_sho_choke_c,Skeet,,,,,,,0,,,,-20,,,,,,0,,,,,,,,,,,,,
wpn_fps_sho_choke_d,Modified,,,,,,,0,,,,20,,,,,,0,,,,,,,,,,,,,
wpn_fps_sho_choke_e,Full,,,,,,,0,,,,40,,,,,,0,,,,,,,,,,,,,
,Barrel Spread Modifiers,,,,,,,,,,,,,,,,,,,,,,,,,,,,,,
wpn_fps_upg_ns_duck,Donald's Horizontal Leveller,,,,,,,0,,,,,,,,,,0,,,,,,,,,,,,,
,Shotgun Ammo,,,,,,,,,,,,,,,,,,,,,,,,,,,,,,
wpn_fps_upg_a_custom,000 Buckshot,,,,,,,0,,,,,,,,,,0,,,3,,,,,,,,,,
wpn_fps_upg_a_custom_free,000 Buckshot (Community),,,,,,,0,,,,,,,,,,0,,,3,,,,,,,,,,
wpn_fps_upg_a_piercing,Flechettes,,,,,,,0,,,,,,,,,,0,,,,,,,,,,,,,
wpn_fps_upg_a_explosive,HE Slugs,,,,,,,0,,,,100,,,,,,0,,,5,,,,,,,,,,
wpn_fps_upg_a_slug,AP Slugs,,,,,,,0,,,2,100,,,,,,0,,,5,,,,,TRUE,TRUE,TRUE,1,,
wpn_fps_upg_a_dragons_breath,Dragon's Breath Rounds,,,,,,,0,,,,,,,,,,0,,,,,,,,FALSE,TRUE,TRUE,1,,
,Tombstone Slug,,,Poison,,,,0,,,,,,,,,,,,,,,,,,FALSE,TRUE,TRUE,1,,ammo_poison
,>PRIMARY WEAPONS,,,,,,,,,,,,,,,,,,,,,,,,,,,,,,
,[AMCAR Rifle],amcar,,,,,,,,,,,,,,,,,,,,,,,,,,,,,
wpn_fps_m4_uupg_m_std,Milspec Mag,wpn_fps_ass_amcar,,,10,,,0,,,,,,-2,,,,0,,,,,,,,,,,,,
wpn_fps_upg_m4_m_pmag,Tactical Mag,wpn_fps_ass_amcar,,,10,,,0,,,,,,-2,,,,0,,,,,,,,,,,,,
wpn_fps_ass_l85a2_m_emag,Expert Mag,wpn_fps_ass_amcar,,,10,,,0,,,,,,-2,,,,0,,,,,,,,,,,,,
wpn_fps_upg_m4_m_l5,L5 Magazine,wpn_fps_ass_amcar,,,10,,,0,,,,,,-2,,,,0,,,,,,,,,,,,,
wpn_fps_upg_m4_m_quad,CAR Quadstacked Mag,wpn_fps_ass_amcar,,,40,,,0,,,,,,-10,,,,0,,,,,,,,,,,,,
wpn_fps_m4_upg_m_quick,Speedpull Mag,wpn_fps_ass_amcar,,,10,,-10,-0.5,,,,,,-4,,,21,2,,,,,,,,,,,,,
,[JP36],g36,,,,,,,,,,,,,,,,,,,,,,,,,,,,,
wpn_fps_ass_g36_m_quick,Speedpull Mag,wpn_fps_ass_g36,,,,,-10,-0.5,,,,,,-5,,,21,2,,,,,,,,,,,,,
,[Clarion Rifle],famas,,,,,,,,,,,,,,,,,,,,,,,,,,,,,
wpn_fps_ass_famas_b_suppressed,Suppressed Barrel,wpn_fps_ass_famas,,Quiet,,,,0,,,,,,,20,0,,0,,,,,,,,,,,,,
,[Valkryia Rifle],asval,,,,,,,,,,,,,,,,0,,,,,,,,,,,,,
wpn_fps_ass_asval_b_proto,Prototype Barrel,wpn_fps_ass_asval,,,,,,0,,,,-12,-20,10,,,,0,,,,,,,,,,,,,
,[CAR-4 Rifle],new_m4,,,,,,,,,,,,,,,,0,,,,,,,,,,,,,
wpn_fps_upg_ass_m4_b_beowulf,DMR Kit,wpn_fps_ass_m4,Precision,,,,,0,,80,,,-40,-5,,,,0,,,,,,-3,-6,,,,,,
wpn_fps_m4_uupg_b_sd,Stealth Barrel,wpn_fps_ass_m4,,Quiet,,,,0,,,,-12,,3,20,0,,0,,,,,,,,,,,,,
wpn_fps_upg_m4_m_straight,Vintage Mag,wpn_fps_ass_m4,,,-10,,,0,,,,,,5,,,,0,,,,,,,,,,,,,
wpn_fps_upg_m4_m_quad,CAR Quadstacked Mag,wpn_fps_ass_m4,,,30,,,0,,,,,,-10,,,,0,,,,,,,,,,,,,
wpn_fps_m4_upg_m_quick,Speedpull Mag,wpn_fps_ass_m4,,,,,-10,-0.5,,,,,,-4,,,21,2,,,,,,,,,,,,,
,[AK Rifle],ak74,,,,,,,,,,,,,,,,0,,,,,,,,,,,,,
wpn_fps_upg_ass_ak_b_zastava,DMR Kit,wpn_fps_ass_74,Precision,,,-135,,0,,80,,8,-44,-5,,,,0,,,,,,-3,-6,,,,,,
wpn_fps_upg_ak_m_quad,AK Quadstacked Mag,wpn_fps_ass_74,,,30,,,0,,,,,,-10,,,,0,,,,,,,,,,,,,
wpn_fps_upg_ak_m_quick,Speedpull Mag,wpn_fps_ass_74,,,,,-10,-0.5,,,,,,-4,,,21,2,,,,,,,,,,,,,
,[AK17 Rifle],flint,,,,,,,,,,,,,,,,0,,,,,,,,,,,,,
wpn_fps_upg_ak_m_quad,AK Quadstacked Mag,wpn_fps_ass_flint,,,30,,,0,,,,,,-10,,,,0,,,,,,,,,,,,,
wpn_fps_upg_ak_m_quick,Speedpull Mag,wpn_fps_ass_flint,,,,,-10,-0.5,,,,,,-4,,,21,2,,,,,,,,,,,,,
,[AK5 Rifle],ak5,,,,,,,,,,,,,,,,0,,,,,,,,,,,,,
wpn_fps_upg_m4_m_straight,Vintage Mag,wpn_fps_ass_ak5,,,-10,,,0,,,,,,5,,,,0,,,,,,,,,,,,,
wpn_fps_upg_m4_m_quad,CAR Quadstacked Mag,wpn_fps_ass_ak5,,,30,,,0,,,,,,-10,,,,0,,,,,,,,,,,,,
wpn_fps_m4_upg_m_quick,Speedpull Mag,wpn_fps_ass_ak5,,,,,-10,-0.5,,,,,,-4,,,21,2,,,,,,,,,,,,,
,[Queen's Wrath Rifle],l85a2,,,,,,,,,,,,,,,,0,,,,,,,,,,,,,
wpn_fps_upg_m4_m_straight,Vintage Mag,wpn_fps_ass_l85a2,,,-10,,,0,,,,,,5,,,,0,,,,,,,,,,,,,
wpn_fps_upg_m4_m_quad,CAR Quadstacked Mag,wpn_fps_ass_l85a2,,,30,,,0,,,,,,-10,,,,0,,,,,,,,,,,,,
wpn_fps_m4_upg_m_quick,Speedpull Mag,wpn_fps_ass_l85a2,,,,,-10,-0.5,,,,,,-4,,,21,2,,,,,,,,,,,,,
,[UAR Rifle],aug,,,,,,,,,,,,,,,,0,,,,,,,,,,,,,
wpn_fps_ass_aug_m_quick,Speedpull Mag,wpn_fps_ass_aug,,,,,-10,-0.5,,,,,,-4,,,21,2,,,,,,,,,,,,,
,[Tempest-21 Rifle],komodo,,,,,,,,,,,,,,,,0,,,,,,,,,,,,,
wpn_fps_upg_m4_m_straight,Vintage Mag,wpn_fps_ass_komodo,,,-10,,,0,,,,,,5,,,,0,,,,,,,,,,,,,
wpn_fps_upg_m4_m_quad,CAR Quadstacked Mag,wpn_fps_ass_komodo,,,30,,,0,,,,,,-10,,,,0,,,,,,,,,,,,,
wpn_fps_m4_upg_m_quick,Speedpull Mag,wpn_fps_ass_komodo,,,,,-10,-0.5,,,,,,-4,,,21,2,,,,,,,,,,,,,
,[Lion's Roar Rifle],vhs,,,,,,,,,,,,,,,,0,,,,,,,,,,,,,
wpn_fps_ass_vhs_b_silenced,Silenced Barrel,wpn_fps_ass_vhs,,Quiet,,,,0,,,,,,,20,0,,0,,,,,,,,,,,,,
,[Union 5.56 Rifle],corgi,,,,,,,,,,,,,,,,0,,,,,,,,,,,,,
wpn_fps_upg_m4_m_straight,Vintage Mag,wpn_fps_ass_corgi,,,-10,,,0,,,,,,5,,,,0,,,,,,,,,,,,,
wpn_fps_upg_m4_m_quad,CAR Quadstacked Mag,wpn_fps_ass_corgi,,,30,,,0,,,,,,-10,,,,0,,,,,,,,,,,,,
wpn_fps_m4_upg_m_quick,Speedpull Mag,wpn_fps_ass_corgi,,,,,-10,-0.5,,,,,,-4,,,21,2,,,,,,,,,,,,,
,[AK.762 Rifle],akm,,,,,,,,,,,,,,,,0,,,,,,,,,,,,,
wpn_fps_upg_ak_m_quad,AK Quadstacked Mag,wpn_fps_ass_akm,,,30,,,0,,,,,,-10,,,,0,,,,,,,,,,,,,
wpn_fps_upg_ak_m_quick,Speedpull Mag,wpn_fps_ass_akm,,,,,-10,-0.5,,,,,,-4,,,21,2,,,,,,,,,,,,,
wpn_fps_upg_ass_ak_b_zastava,DMR Kit,wpn_fps_ass_akm,Precision,,,-75,,0,,50,,,-20,-5,,,,,,,,,,-1,-2,,,,,,
,[Gewehr 3 Rifle],g3,,,,,,,,,,,,,,,,0,,,,,,,,,,,,,
wpn_fps_ass_g3_b_short,Assault Kit,wpn_fps_ass_g3,,,,85,,0,,-30,,-16,16,5,,,,0,,,,,,2,4,,,,,,
wpn_fps_ass_g3_b_sniper,DMR Kit,wpn_fps_ass_g3,Precision,,-10,-65,,0,,50,,,,,,,,0,,,,,,-1,-2,,,,,,
,[Falcon Rifle],fal,,,,,,,,,,,,,,,,0,,,,,,,,,,,,,
wpn_fps_ass_fal_m_01,Extended Magazine,wpn_fps_ass_fal,,,20,,,0,,,,,,-10,,,,0,,,,,,,,,,,,,
,[AMR-16 Rifle],m16,,,,,,,,,,,,,,,,0,,,,,,,,,,,,,
wpn_fps_upg_ass_m4_b_beowulf,DMR Kit,wpn_fps_ass_m16,Precision,,,-65,,0,,50,,4,-40,,,,,0,,,,,,-1,-2,,,,,,
wpn_fps_m4_uupg_m_std,Milspec Mag,wpn_fps_ass_m16,,,10,,,0,,,,,,-2,,,,0,,,,,,,,,,,,,
wpn_fps_upg_m4_m_pmag,Tactical Mag,wpn_fps_ass_m16,,,10,,,0,,,,,,-2,,,,0,,,,,,,,,,,,,
wpn_fps_ass_l85a2_m_emag,Expert Mag,wpn_fps_ass_m16,,,10,,,0,,,,,,-2,,,,0,,,,,,,,,,,,,
wpn_fps_upg_m4_m_l5,L5 Magazine,wpn_fps_ass_m16,,,10,,,0,,,,,,-2,,,,0,,,,,,,,,,,,,
wpn_fps_upg_m4_m_quad,CAR Quadstacked Mag,wpn_fps_ass_m16,,,40,,,0,,,,,,-10,,,,0,,,,,,,,,,,,,
wpn_fps_m4_upg_m_quick,Speedpull Mag,wpn_fps_ass_m16,,,10,,-10,-0.5,,,,,,-4,,,21,2,,,,,,,,,,,,,
,[Akimbo Igor Automatic Pistols],x_stech,,,,,,,,,,,,,,,,0,,,,,,,,,,,,,
wpn_fps_pis_stech_m_extended,Extended Mag.,wpn_fps_pis_x_stech,,,28,,,0,,,,,,-4,,,,0,,,,,,,,,,,,,
,[Akimbo STRYK-18c Pistols],x_g18c,,,,,,,,,,,,,,,,0,,,,,,,,,,,,,
wpn_fps_pis_g18c_m_mag_33rnd,Extended Mag,wpn_fps_pis_x_g18c,,,24,,,0,,,,,,-4,,,,0,,,,,,,,,,,,,
,[Akimbo Czech 92 Pistols],x_czech,,,,,,,,,,,,,,,,0,,,,,,,,,,,,,
wpn_fps_pis_czech_m_extended,Extended Magazine,wpn_fps_pis_x_czech,,,20,,,0,,,,,,-4,,,,0,,,,,,,,,,,,,
,[Akimbo Bernetti Auto Pistols],x_beer,,,,,,,,,,,,,,,,0,,,,,,,,,,,,,
wpn_fps_pis_beer_m_extended,Extended Magazine,wpn_fps_pis_x_beer,,,12,,,0,,,,,,-2,,,,0,,,,,,,,,,,,,
,[Akimbo Signature SMG],x_shepheard,,,,,,,,,,,,,,,,0,,,,,,,,,,,,,
wpn_fps_smg_shepheard_mag_extended,Extended Magazine,wpn_fps_smg_x_shepheard,,,20,,,0,,,,,,-5,,,,0,,,,,,,,,,,,,
,[Akimbo Blaster 9mm SMG],x_tec9,,,,,,,,,,,,,,,,0,,,,,,,,,,,,,
wpn_fps_smg_tec9_m_standard,Extended Mag,wpn_fps_smg_x_tec9,,,24,,,0,,,,,,-10,,,,0,,,,,,,,,,,,,
,[Akimbo CMP SMG],x_mp9,,,,,,,,,,,,,,,,0,,,,,,,,,,,,,
wpn_fps_smg_mp9_m_extended,Extended Mag.,wpn_fps_smg_x_mp9,,,30,,,0,,,,,,-5,,,,0,,,,,,,,,,,,,
wpn_fps_smg_mp9_b_suppressed,Tactical Suppressor,wpn_fps_smg_x_mp9,,Quiet,,,,0,,,,,,,20,0,,0,,,,,,,,,,,,,
,[Akimbo Cobra SMG],x_scorpion,,,,,,,,,,,,,,,,0,,,,,,,,,,,,,
wpn_fps_smg_scorpion_m_extended,Extended Mag,wpn_fps_smg_x_scorpion,,,40,,,0,,,,,,-10,,,,0,,,,,,,,,,,,,
,[Akimbo Micro Uzi SMG],x_baka,,,,,,,,,,,,,,,,0,,,,,,,,,,,,,
wpn_fps_smg_baka_b_longsupp,Futomaki Suppressor,wpn_fps_smg_x_baka,,Quiet,,,,0,,,,,,,20,0,,0,,,,,,,,,,,,,
wpn_fps_smg_baka_b_midsupp,Maki Suppressor,wpn_fps_smg_x_baka,,Quiet,,,,0,,,,,,,20,0,,0,,,,,,,,,,,,,
wpn_fps_smg_baka_b_smallsupp,Spring Suppressor,wpn_fps_smg_x_baka,,Quiet,,,,0,,,,,,,20,0,,0,,,,,,,,,,,,,
,[Akimbo Para SMG],x_olympic,,,,,,,,,,,,,,,,0,,,,,,,,,,,,,
wpn_fps_m4_uupg_m_std,Milspec Mag,wpn_fps_smg_x_olympic,,,20,,,0,,,,,,-10,,,,0,,,,,,,,,,,,,
wpn_fps_upg_m4_m_pmag,Tactical Mag,wpn_fps_smg_x_olympic,,,20,,,0,,,,,,-10,,,,0,,,,,,,,,,,,,
wpn_fps_ass_l85a2_m_emag,Expert Mag,wpn_fps_smg_x_olympic,,,20,,,0,,,,,,-10,,,,0,,,,,,,,,,,,,
wpn_fps_upg_m4_m_l5,L5 Magazine,wpn_fps_smg_x_olympic,,,20,,,0,,,,,,-10,,,,0,,,,,,,,,,,,,
wpn_fps_upg_m4_m_quad,CAR Quadstacked Mag,wpn_fps_smg_x_olympic,,,80,,,0,,,,,,-20,,,,0,,,,,,,,,,,,,
wpn_fps_m4_upg_m_quick,Speedpull Mag,wpn_fps_smg_x_olympic,,,20,,-10,-0.5,,,,,,-8,,,21,2,,,,,,,,,,,,,
,[Akimbo Heather SMG],x_sr2,,,,,,,,,,,,,,,,0,,,,,,,,,,,,,
wpn_fps_smg_sr2_m_quick,Speedpull Mag,wpn_fps_smg_x_sr2,,,,,-10,-0.5,,,,,,-8,,,21,2,,,,,,,,,,,,,
,[Akimbo Kobus 90 SMG],x_p90,,,,,,,,,,,,,,,,0,,,,,,,,,,,,,
wpn_fps_smg_p90_m_strap,Speedpull Mag,wpn_fps_smg_x_p90,,,,,-10,-0.5,,,,,,-8,,,21,2,,,,,,,,,,,,,
,[Akimbo SpecOps SMG],x_mp7,,,,,,,,,,,,,,,,0,,,,,,,,,,,,,
wpn_fps_smg_mp7_m_extended,Extended Mag.,wpn_fps_smg_x_mp7,,,20,,,0,,,,,,-5,,,,0,,,,,,,,,,,,,
,[Akimbo Mark 10 SMG],x_mac10,,,,,,,,,,,,,,,,0,,,,,,,,,,,,,
wpn_fps_smg_mac10_m_extended,Extended Mag.,wpn_fps_smg_x_mac10,,,40,,,0,,,,,,-10,,,,0,,,,,,,,,,,,,
wpn_fps_smg_mac10_m_quick,Speedpull Mag,wpn_fps_smg_x_mac10,,,40,,-10,-0.5,,,,,,-20,,,21,2,,,,,,,,,,,,,
,[Akimbo Patchett L2A1 SMG],x_sterling,,,,,,,,,,,,,,,,0,,,,,,,,,,,,,
wpn_fps_smg_sterling_m_long,Extended Mag,wpn_fps_smg_x_sterling,,,20,,,0,,,,,,-10,,,,0,,,,,,,,,,,,,
wpn_fps_smg_sterling_m_short,Short Mag,wpn_fps_smg_x_sterling,,,-20,,,0,,,,,,10,,,,0,,,,,,,,,,,,,
wpn_fps_smg_sterling_b_e11,Heatsinked Suppressed Barrel,wpn_fps_smg_x_sterling,,Quiet,,,,0,,,,,,,,,,0,,,,,,,,,,,,,
wpn_fps_smg_sterling_b_suppressed,Suppressed Barrel,wpn_fps_smg_x_sterling,,Quiet,,,,0,,,,,,,,,,0,,,,,,,,,,,,,
,[Akimbo Swedish K SMG],x_m45,,,,,,,,,,,,,,,,0,,,,,,,,,,,,,
wpn_fps_smg_m45_m_extended,Extended Mag.,wpn_fps_smg_x_m45,,,28,,,0,,,,,,-15,,,,0,,,,,,,,,,,,,
,[Akimbo Jackal SMG],x_schakal,,,,,,,,,,,,,,,,0,,,,,,,,,,,,,
wpn_fps_smg_schakal_m_long,Extended Magazine,wpn_fps_smg_x_schakal,,,20,,,0,,,,,,-15,,,,0,,,,,,,,,,,,,
wpn_fps_smg_schakal_m_short,Short Magazine,wpn_fps_smg_x_schakal,,,-20,,,0,,,,,,5,,,,0,,,,,,,,,,,,,
,[Akimbo CR 805B SMG],x_hajk,,,,,,,,,,,,,,,,0,,,,,,,,,,,,,
wpn_fps_upg_m4_m_straight,Vintage Mag,wpn_fps_smg_x_hajk,,,-20,,,0,,,,,,5,,,,0,,,,,,,,,,,,,
wpn_fps_upg_m4_m_quad,CAR Quadstacked Mag,wpn_fps_smg_x_hajk,,,60,,,0,,,,,,-20,,,,0,,,,,,,,,,,,,
wpn_fps_m4_upg_m_quick,Speedpull Mag,wpn_fps_smg_x_hajk,,,,,-10,-0.5,,,,,,-4,,,21,2,,,,,,,,,,,,,
,[Akimbo Krinkov SMG],x_akmsu,,,,,,,,,,,,,,,,0,,,,,,,,,,,,,
wpn_fps_upg_ak_m_quad,AK Quadstacked Mag,wpn_fps_smg_x_akmsu,,,60,,,0,,,,,,-15,,,,0,,,,,,,,,,,,,
wpn_fps_upg_ak_m_quick,Speedpull Mag,wpn_fps_smg_x_akmsu,,,,,-10,-0.5,,,,,,-4,,,21,2,,,,,,,,,,,,,
,[Raven Shotgun],ksg,,,,,,,,,,,,,,,,0,,,,,,,,,,,,,
wpn_fps_sho_ksg_b_short,Short Barrel,wpn_fps_sho_ksg,,,-4,,,0,,,,,,5,,,,0,,,,,,,,,,,,,
wpn_fps_sho_ksg_b_long,Long Barrel,wpn_fps_sho_ksg,,,4,,,0,,,,,,-5,,,,0,,,,,,,,,,,,,
,[Predator 12G Shotgun],spas12,,,,,,,,,,,,,,,,0,,,,,,,,,,,,,
wpn_fps_sho_b_spas12_long,Extended Mag,wpn_fps_sho_spas12,,,4,,,0,,,,,,-5,,,,0,,,,,,,,,,,,,
,[Akimbo Goliath 12G Shotgun],x_rota,,,,,,,,,,,,,,,,0,,,,,,,,,,,,,
wpn_fps_sho_rota_b_silencer,Silenced Barrel,wpn_fps_sho_x_rota,,Quiet,,,,0,,,,,,,20,0,,0,,,,,,,,,,,,,
,[Steakout 12G Shotgun],aa12,,,,,,,,,,,,,,,,0,,,,,,,,,,,,,
wpn_fps_sho_aa12_barrel_silenced,Suppressed barrel,wpn_fps_sho_aa12,,Quiet,,,,0,,,,,,,20,0,,0,,,,,,,,,,,,,
wpn_fps_sho_aa12_mag_drum,Drum Magazine,wpn_fps_sho_aa12,,,12,,,0,,,,,,-20,,,,0,,,,,,,,,,,,,
,[IZHMA 12G Shotgun],saiga,,,,,,,,,,,,,,,,0,,,,,,,,,,,,,
wpn_fps_sho_basset_m_extended,Big Brother Magazine,wpn_fps_shot_saiga,,,3,,,0,,,,,,-5,,,,0,,,,,,,,,,,,,
,[Brothers Grimm 12G Shotgun],x_basset,,,,,,,,,,,,,,,,0,,,,,,,,,,,,,
wpn_fps_sho_basset_m_extended,Big Brother Magazine,wpn_fps_sho_x_basset,,,6,,,0,,,,,,-10,,,,0,,,,,,,,,,,,,
,[Cavity 9mm Rifle],sub2000,,,,,,,,,,,,,,,,0,,,,,,,,,,,,,
wpn_fps_ass_sub2000_fg_suppressed,Tooth Fairy Suppressor,wpn_fps_ass_sub2000,,Quiet,,,,0,,,,,,,20,0,,0,,,,,,,,,,,,,
,[Galant Rifle],ching,,,,,,,,,,,,,,,,0,,,,,,,,,,,,,
wpn_fps_ass_ching_s_pouch,Magpouch Stock],wpn_fps_ass_ching,,,,16,,0,,,,,,-5,,,,0,,,,,,,,,,,,,
,[Contractor .308 Sniper Rifle],tti,,,,,,,,,,,,,,,,0,,,,,,,,,,,,,
wpn_fps_snp_tti_ns_hex,Contractor Silencer,wpn_fps_snp_tti,,Quiet,,,,0,,,,,,,20,0,,0,,,,,,,,,,,,,
,[Lebensauger .308 Sniper Rifle],wa2000,,,,,,,,,,,,,,,,0,,,,,,,,,,,,,
wpn_fps_snp_wa2000_b_suppressed,Gedämpfter Barrel,wpn_fps_snp_wa2000,,Quiet,,,,0,,,,,,,20,0,,0,,,,,,,,,,,,,
,[Grom Sniper Rifle],siltstone,,,,,,,,,,,,,,,,0,,,,,,,,,,,,,
wpn_fps_snp_siltstone_b_silenced,Tikho Barrel,wpn_fps_snp_siltstone,,Quiet,,,,0,,,,,,,20,0,,0,,,,,,,,,,,,,
wpn_fps_snp_siltstone_iron_sight,Iron Sight,wpn_fps_snp_siltstone,,,,,,0,,,,,-20,15,,,,0,,,,,,,,,,,,,
,[Rattlesnake Sniper Rifle],msr,,,,,,,,,,,,,,,,0,,,,,,,,,,,,,
wpn_fps_snp_msr_ns_suppressor,Sniper Suppressor,wpn_fps_snp_msr,,Quiet,,,,0,,,,,,,20,0,,0,,,,,,,,,,,,,
,[R700 Sniper Rifle],r700,,,,,,,,,,,,,,,,0,,,,,,,,,,,,,
wpn_fps_snp_r700_b_medium,Medium Barrel,wpn_fps_snp_r700,,Quiet,,,,0,,,,,,,20,0,,0,,,,,,,,,,,,,
,[Repeater 1874 Sniper Rifle],winchester1874,,,,,,,,,,,,,,,,0,,,,,,,,,,,,,
wpn_fps_snp_winchester_b_suppressed,Outlaw's Silenced Barrel,wpn_fps_snp_winchester,,Quiet,,,,0,,,,,,,20,0,,0,,,,,,,,,,,,,
,[Platypus 70 Sniper Rifle],model70,,,,,,,,,,,,,,,,0,,,,,,,,,,,,,
wpn_fps_snp_model70_ns_suppressor,Beak Suppressor,wpn_fps_snp_model70,,Quiet,,,,0,,,,,,,20,0,,0,,,,,,,,,,,,,
,[R93 Sniper Rifle],r93,,,,,,,,,,,,,,,,0,,,,,,,,,,,,,
wpn_fps_snp_r93_b_suppressed,Compensated Suppressor,wpn_fps_snp_r93,,Quiet,,,,0,,,,,,,20,0,,0,,,,,,,,,,,,,
,[Nagant Sniper Rifle],mosin,,,,,,,,,,,,,,,,0,,,,,,,,,,,,,
wpn_fps_snp_mosin_b_sniper,Silenced Barrel,wpn_fps_snp_mosin,,Quiet,,,,0,,,,,,,20,0,,0,,,,,,,,,,,,,
wpn_fps_snp_mosin_ns_bayonet,Nagant Bayonet,wpn_fps_snp_mosin,,,,,,0,,,,,,,,,,0,,,,,,,,,,,,,
,[Desertfox Sniper Rifle],desertfox,,,,,,,,,,,,,,,,0,,,,,,,,,,,,,
wpn_fps_snp_desertfox_b_silencer,Silenced Barrel,wpn_fps_snp_desertfox,,Quiet,,,,0,,,,,,,20,0,,0,,,,,,,,,,,,,
,[Thanatos .50 cal Sniper Rifle],m95,,,,,,,,,,,,,,,,0,,,,,,,,,,,,,
wpn_fps_snp_m95_barrel_suppressed,Suppressed Barrel,wpn_fps_snp_m95,,Quiet,,,,0,,,,,,,20,0,,0,,,,,,,,,,,,,
,[Amaroq 900],awp,,,,,,,,,,,,,,,,,,,,,,,,,,,,,
wpn_fps_snp_awp_ns_suppressor,Ice Cap Suppressor,wpn_fps_snp_awp,,Quiet,,,,0,,,,,,,20,0,,,,,,,,,,,,,,,
wpn_fps_snp_awp_dh_speed,Dire Speedbolt,wpn_fps_snp_awp,,,,,,,,,,,,,,,,,,,,,,,,,,,,,
wpn_fps_snp_awp_ext_shellrack,Snowbound Shell Rack,wpn_fps_snp_awp,,,,4,,,,,,,,,,,,,,,,,,,,,,,,,
wpn_fps_snp_awp_m_speed,Akhlut Magazine,wpn_fps_snp_awp,,,-2,,,,,,,,,,,,,,,,,,,,,,,,,,
,[Akimbo Chimano 88 Pistols],x_g17,,,,,,,,,,,,,,,,0,,,,,,,,,,,,,
wpn_fps_pis_g18c_m_mag_33rnd,Extended Magazine,wpn_fps_pis_x_g17,,,24,,,0,,,,,,-5,,,,0,,,,,,,,,,,,,
,[Akimbo Chimano Compact Pistols],jowi,,,,,,,,,,,,,,,,0,,,,,,,,,,,,,
wpn_fps_pis_g18c_m_mag_33rnd,Extended Mag.,wpn_fps_jowi,,,24,,,0,,,,,,-5,,,,0,,,,,,,,,,,,,
,[Akimbo Crosskill Guard Pistols],x_shrew,,,,,,,,,,,,,,,,0,,,,,,,,,,,,,
wpn_fps_pis_shrew_m_extended,Extended Mag,wpn_fps_pis_x_shrew,,,8,,,0,,,,,,-2,,,,0,,,,,,,,,,,,,
,[Akimbo Bernetti 9 Pistols],x_b92fs,,,,,,,,,,,,,,,,0,,,,,,,,,,,,,
wpn_fps_pis_beretta_m_extended,Extended Mag.,wpn_fps_x_b92fs,,,24,,,0,,,,,,-5,,,,0,,,,,,,,,,,,,
,[Akimbo Crosskill Pistols],x_1911,,,,,,,,,,,,,,,,0,,,,,,,,,,,,,
wpn_fps_pis_1911_m_extended,12rnd Mag.,wpn_fps_x_1911,,,4,,,0,,,,,,-2,,,,0,,,,,,,,,,,,,
wpn_fps_pis_1911_m_big,Magazine with Ameritude!,wpn_fps_x_1911,,,24,,,0,,,,,,-5,,,,0,,,,,,,,,,,,,
,[Akimbo Contractor Pistols],x_packrat,,,,,,,,,,,,,,,,0,,,,,,,,,,,,,
wpn_fps_pis_packrat_m_extended,Extended Magazine,wpn_fps_x_packrat,,,20,,,0,,,,,,-5,,,,0,,,,,,,,,,,,,
,[Akimbo Signature .40 Pistols],x_p226,,,,,,,,,,,,,,,,0,,,,,,,,,,,,,
wpn_fps_pis_p226_m_extended,Extended Mag.,wpn_fps_pis_x_p226,,,16,,,0,,,,,,-5,,,,0,,,,,,,,,,,,,
,[Akimbo Broomstick Pistols],x_c96,,,,,,,,,,,,,,,,0,,,,,,,,,,,,,
wpn_fps_pis_c96_m_extended,High Capacity Mag,wpn_fps_pis_x_c96,,,20,,,0,,,,,,-5,,,,0,,,,,,,,,,,,,
wpn_fps_pis_c96_b_long,Precision Barrel,wpn_fps_pis_x_c96,,,,-45,,0,,30,,,-12,-5,,,,0,,,,,,-0.5,-2,,,,1,,
,[Akimbo Interceptor 45 Pistols],x_usp,,,,,,,,,,,,,,,,0,,,,,,,,,,,,,
wpn_fps_pis_usp_m_extended,Extended Magazine,wpn_fps_pis_x_usp,,,16,,,0,,,,,,-4,,,,0,,,,,,,,,,,,,
wpn_fps_pis_usp_m_big,I want more Magazine!,wpn_fps_pis_x_usp,,,24,,,0,,,,,,-8,,,,0,,,,,,,,,,,,,
,[Akimbo LEO Pistols],hs2000,,,,,,,,,,,,,,,,0,,,,,,,,,,,,,
wpn_fps_pis_hs2000_m_extended,Extended Mag,wpn_fps_pis_x_hs2000,,,16,,,0,,,,,,-5,,,,0,,,,,,,,,,,,,
,[Akimbo Chimano Custom],x_g22c,,,,,,,,,,,,,,,,0,,,,,,,,,,,,,
wpn_fps_pis_g18c_m_mag_33rnd,Extended Mag.,wpn_fps_pis_x_g22c,,,12,,,0,,,,,,-5,,,,0,,,,,,,,,,,,,
,[Akimbo Deagle],x_deagle,,,,,,,,,,,,,,,,0,,,,,,,,,,,,,
wpn_fps_pis_deagle_m_extended,Extended Magazine,wpn_fps_x_deagle,,,,,,0,,,,,,-1,,,,0,,,,,,,,,,,,,
,[Akimbo White Streak],x_pl14,,,,,,,,,,,,,,,,0,,,,,,,,,,,,,
wpn_fps_pis_pl14_m_extended,Extended Magazine,wpn_fps_pis_x_pl14,,,4,,,0,,,,,,-1,,,,0,,,,,,,,,,,,,
,[Vulcan Minigun],m134,,,,,,,,,,,,,,,,0,,,,,,,,,,,,,
wpn_fps_lmg_m134_body_upper_light,I'll Take Half That Kit,wpn_fps_lmg_m134,,,,,,0,-1500,,,,,,,,,0,,,,,,,,,,,,,
,[Airbow],ecp,,,,,,,,,,,,,,,,0,,,,,,,,,,,,,
wpn_fps_bow_ecp_m_arrows_explosive,Explosive Arrow,wpn_fps_bow_ecp,,,,,,0,,,,,,,,,,0,,,,,,,,,,,0,,
wpn_fps_bow_ecp_m_arrows_poison,Poison Arrow,wpn_fps_bow_ecp,,Poison,,,,0,,-560,,,,,,,,0,,,,,,,,,,,,,
,[Light Crossbow],frankish,,,,,,,,,,,,,,,,0,,,,,,,,,,,,,
wpn_fps_bow_frankish_m_explosive,Explosive Bolt,wpn_fps_bow_frankish,,,,,,0,,,,,,,,,,0,,,,,,,,,,,0,,
wpn_fps_bow_frankish_m_poison,Poison Bolt,wpn_fps_bow_frankish,,Poison,,,,0,,-600,,,,,,,,0,,,,,,,,,,,,,
,[Plainsrider Bow],plainsrider,,,,,,,,,,,,,,,,0,,,,,,,,,,,,,
wpn_fps_upg_a_bow_explosion,Explosive Arrows,wpn_fps_bow_plainsrider,,,,,,0,,,,,,,,,,0,,,,,,,,,,,0,,
wpn_fps_upg_a_bow_poison,Poisoned Arrows,wpn_fps_bow_plainsrider,,,,,,0,,-200,,,,,,,,0,,,,,,,,,,,,,
,[DECA Technologies Compound Bow],elastic,,,,,,,,,,,,,,,,0,,,,,,,,,,,,,
wpn_fps_bow_elastic_m_explosive,Explosive Arrow,wpn_fps_bow_elastic,,,,,,0,,,,,,,,,,0,,,,,,,,,,,0,,
wpn_fps_bow_elastic_m_poison,Poison Arrow,wpn_fps_bow_elastic,,Poison,,,,0,,-1600,,,,,,,,0,,,,,,,,,,,,,
,[English Longbow],long,,,,,,,,,,,,,,,,0,,,,,,,,,,,,,
wpn_fps_bow_long_m_explosive,Explosive Arrows,wpn_fps_bow_long,,,,,,0,,,,,,,,,,0,,,,,,,,,,,0,,
wpn_fps_bow_long_m_poison,Poisoned Arrows,wpn_fps_bow_long,,Poison,,,,0,,-1600,,,,,,,,0,,,,,,,,,,,,,
,[Heavy Crossbow],arblast,,,,,,,,,,,,,,,,0,,,,,,,,,,,,,
wpn_fps_bow_arblast_m_explosive,Explosive Bolt,wpn_fps_bow_arblast,,,,,,0,,,,,,,,,,0,,,,,,,,,,,0,,
wpn_fps_bow_arblast_m_poison,Poisoned Bolt,wpn_fps_bow_arblast,,Poison,,,,0,,-1600,,,,,,,,0,,,,,,,,,,,,,
,[GL 40 Grenade Launcher],gre_m79,,,,,,,,,,,,,,,,0,,,,,,,,,,,,,
wpn_fps_upg_a_grenade_launcher_incendiary,Incendiary Round,wpn_fps_gre_m79,,Area Denial,,,,0,,-1000,,,,,,,,0,,,,,,,,,,,,,
,[Piglet Grenade Launcher],m32,,,,,,,,,,,,,,,,0,,,,,,,,,,,,,
wpn_fps_upg_a_grenade_launcher_incendiary,Incendiary Round,wpn_fps_gre_m32,,Area Denial,,,,0,,-1000,,,,,,,,0,,,,,,,,,,,,,
,[OVE9000 Saw],saw,,,,,,,,,,,,,,,,0,,,,,,,,,,,,,
wpn_fps_saw_body_silent,Silent Motor,,,,,,,0,-200,,,,,10,,,,0,,9,,,,,,,,,,,
wpn_fps_saw_body_speed,Fast Motor,,,,,,,0,400,,,,,-20,,,,0,,,,,,,,,,,,,
wpn_fps_saw_m_blade_durable,Durable Blade,,,,100,,,0,,-5,,,,,,,,0,,,,,,,,,,,,,
wpn_fps_saw_m_blade_sharp,Sharp Blade,,,,-100,,,0,,,,,,,,,,0,,,,,,,,,,,,,
,>SECONDARY WEAPONS,,,,,,,,,,,,,,,,,,,,,,,,,,,,,,
,[Chimano 88],glock_17,,,,,,,,,,,,,,,,0,,,,,,,,,,,,,
wpn_fps_pis_g18c_m_mag_33rnd,Extended Magazine,wpn_fps_pis_g17,,,12,,,0,,,,,,-3,,,,0,,,,,,,,,,,,,
,[Chimano Compact],g26,,,,,,,,,,,,,,,,0,,,,,,,,,,,,,
wpn_fps_pis_g18c_m_mag_33rnd,Extended Mag.,wpn_fps_pis_g26,,,12,,,0,,,,,,-3,,,,0,,,,,,,,,,,,,
,[Crosskill Guard],shrew,,,,,,,,,,,,,,,,0,,,,,,,,,,,,,
wpn_fps_pis_shrew_m_extended,Extended Mag,wpn_fps_pis_shrew,,,4,,,0,,,,,,-1,,,,0,,,,,,,,,,,,,
,[Bernetti 9],b92fs,,,,,,,,,,,,,,,,0,,,,,,,,,,,,,
wpn_fps_pis_beretta_m_extended,Extended Mag.,wpn_fps_pis_beretta,,,12,,,0,,,,,,-3,,,,0,,,,,,,,,,,,,
,[Crosskill],colt_1911,,,,,,,,,,,,,,,,0,,,,,,,,,,,,,
wpn_fps_pis_1911_m_extended,12rnd Mag.,wpn_fps_pis_1911,,,2,,,0,,,,,,-1,,,,0,,,,,,,,,,,,,
wpn_fps_pis_1911_m_big,Magazine with Ameritude!,wpn_fps_pis_1911,,,12,,,0,,,,,,-3,,,,0,,,,,,,,,,,,,
,[Contractor],packrat,,,,,,,,,,,,,,,,0,,,,,,,,,,,,,
wpn_fps_pis_packrat_m_extended,Extended Magazine,wpn_fps_pis_packrat,,,10,,,0,,,,,,-1,,,,0,,,,,,,,,,,,,
,[Signature .40],p226,,,,,,,,,,,,,,,,0,,,,,,,,,,,,,
wpn_fps_pis_p226_m_extended,Extended Magazine,wpn_fps_pis_p226,,,8,,,0,,,,,,-2,,,,0,,,,,,,,,,,,,
,[Broomstick],c96,,,,,,,,,,,,,,,,0,,,,,,,,,,,,,
wpn_fps_pis_c96_m_extended,High Capacity Mag,wpn_fps_pis_c96,,,10,,,0,,,,,,-2,,,,0,,,,,,,,,,,,,
wpn_fps_pis_c96_b_long,Precision Barrel,wpn_fps_pis_c96,,,,-30,,0,,30,,,32,-5,,,,0,,,,,,-0.5,-2,,,,1,,
,[Interceptor 45],usp,,,,,,,,,,,,,,,,0,,,,,,,,,,,,,
wpn_fps_pis_usp_m_extended,Extended Mag.,wpn_fps_pis_usp,,,8,,,0,,,,,,-2,,,,0,,,,,,,,,,,,,
wpn_fps_pis_usp_m_big,I want more Magazine!,wpn_fps_pis_usp,,,12,,,0,,,,,,-4,,,,0,,,,,,,,,,,,,
,[LEO],hs2000,,,,,,,,,,,,,,,,0,,,,,,,,,,,,,
wpn_fps_pis_hs2000_m_extended,Extended Mag,wpn_fps_pis_hs2000,,,16,,,0,,,,,,-5,,,,0,,,,,,,,,,,,,
,[Chimano Custom],g22c,,,,,,,,,,,,,,,,0,,,,,,,,,,,,,
wpn_fps_pis_g18c_m_mag_33rnd,Extended Magazine,wpn_fps_pis_g22c,,,12,,,0,,,,,,-2,,,,0,,,,,,,,,,,,,
,[5/7 AP],lemming,,,,,,,,,,,,,,,,0,,,,,,,,,,,,,
wpn_fps_pis_lemming_m_ext,Extended Magazine,wpn_fps_pis_lemming,,,10,,,0,,,,,,-5,,,,0,,,,,,,,,,,,,
,[Deagle],deagle,,,,,,,,,,,,,,,,0,,,,,,,,,,,,,
wpn_fps_pis_deagle_m_extended,Extended Magazine,wpn_fps_pis_deagle,,,6,,,0,,,,,,-2,,,,0,,,,,,,,,,,,,
,[White Streak],pl14,,,,,,,,,,,,,,,,0,,,,,,,,,,,,,
wpn_fps_pis_pl14_m_extended,Extended Magazine,wpn_fps_pis_pl14,,,2,,,0,,,,,,-1,,,,0,,,,,,,,,,,,,
,[Igor Automatik Pistol],stech,,,,,,,,,,,,,,,,0,,,,,,,,,,,,,
wpn_fps_pis_stech_m_extended,Extended Mag.,wpn_fps_pis_stech,,,14,,,0,,,,,,-2,,,,0,,,,,,,,,,,,,
,[STRYK 18c],glock_18c,,,,,,,,,,,,,,,,0,,,,,,,,,,,,,
wpn_fps_pis_g18c_m_mag_33rnd,Extended Magazine,wpn_fps_pis_g18c,,,12,,,0,,,,,,-2,,,,0,,,,,,,,,,,,,
,[Czech 92 Pistol],czech,,,,,,,,,,,,,,,,0,,,,,,,,,,,,,
wpn_fps_pis_czech_m_extended,Extended Magazine,wpn_fps_pis_czech,,,10,,,0,,,,,,-2,,,,0,,,,,,,,,,,,,
,[Bernetti Auto Pistol],beer,,,,,,,,,,,,,,,,0,,,,,,,,,,,,,
wpn_fps_pis_beer_m_extended,Extended Magazine,wpn_fps_pis_beer,,,6,,,0,,,,,,-2,,,,0,,,,,,,,,,,,,
,[Signature],shepheard,,,,,,,,,,,,,,,,0,,,,,,,,,,,,,
wpn_fps_smg_shepheard_mag_extended,Extended Magazine,wpn_fps_smg_shepheard,,,10,,,0,,,,,,-2,,,,0,,,,,,,,,,,,,
,[Blaster 9mm],tec9,,,,,,,,,,,,,,,,0,,,,,,,,,,,,,
wpn_fps_smg_tec9_m_extended,Extended Mag,wpn_fps_smg_tec9,,,12,,,0,,,,,,-2,,,,0,,,,,,,,,,,,,
,[CMP],mp9,,,,,,,,,,,,,,,,0,,,,,,,,,,,,,
wpn_fps_smg_mp9_m_extended,Extended Mag.,wpn_fps_smg_mp9,,,15,,,0,,,,,,-2,,,,0,,,,,,,,,,,,,
wpn_fps_smg_mp9_b_suppressed,Tactical Suppressor,wpn_fps_smg_mp9,,Quiet,,,,0,,,,,,,20,0,,0,,,,,,,,,,,,,
,[Cobra],scorpion,,,,,,,,,,,,,,,,0,,,,,,,,,,,,,
wpn_fps_smg_scorpion_m_extended,Extended Mag,wpn_fps_smg_scorpion,,,20,,,0,,,,,,-10,,,,0,,,,,,,,,,,,,
,[Micro Uzi],baka,,,,,,,,,,,,,,,,0,,,,,,,,,,,,,
wpn_fps_smg_baka_b_longsupp,Futomaki Suppressor,wpn_fps_smg_baka,,Quiet,,,,0,,,,,,,20,0,,0,,,,,,,,,,,,,
wpn_fps_smg_baka_b_midsupp,Maki Suppressor,wpn_fps_smg_baka,,Quiet,,,,0,,,,,,,20,0,,0,,,,,,,,,,,,,
wpn_fps_smg_baka_b_smallsupp,Spring Suppressor,wpn_fps_smg_baka,,Quiet,,,,0,,,,,,,20,0,,0,,,,,,,,,,,,,
,[Para],olympic,,,,,,,,,,,,,,,,0,,,,,,,,,,,,,
wpn_fps_m4_uupg_m_std,Milspec Mag,wpn_fps_smg_olympic,,,10,,,0,,,,,,-2,,,,0,,,,,,,,,,,,,
wpn_fps_upg_m4_m_pmag,Tactical Mag,wpn_fps_smg_olympic,,,10,,,0,,,,,,-2,,,,0,,,,,,,,,,,,,
wpn_fps_ass_l85a2_m_emag,Expert Mag,wpn_fps_smg_olympic,,,10,,,0,,,,,,-2,,,,0,,,,,,,,,,,,,
wpn_fps_upg_m4_m_l5,L5 Magazine,wpn_fps_smg_olympic,,,10,,,0,,,,,,-2,,,,0,,,,,,,,,,,,,
wpn_fps_upg_m4_m_quad,CAR Quadstacked Mag,wpn_fps_smg_olympic,,,40,,,0,,,,,,-10,,,,0,,,,,,,,,,,,,
wpn_fps_m4_upg_m_quick,Speedpull Mag,wpn_fps_smg_olympic,,,10,,-10,-0.5,,,,,,-4,,,21,2,,,,,,,,,,,,,
,[Heather],sr2,,,,,,,,,,,,,,,,0,,,,,,,,,,,,,
wpn_fps_smg_sr2_m_quick,Speedpull Mag,wpn_fps_smg_sr2,,,,,-10,-0.5,,,,,,-3,,,21,2,,,,,,,,,,,,,
,[Kobus 90],p90,,,,,,,,,,,,,,,,0,,,,,,,,,,,,,
wpn_fps_smg_p90_m_strap,Speedpull Mag,wpn_fps_smg_p90,,,,,-10,-0.5,,,,,,-3,,,21,2,,,,,,,,,,,,,
,[SpecOps],mp7,,,,,,,,,,,,,,,,0,,,,,,,,,,,,,
wpn_fps_smg_mp7_m_extended,Extended Mag.,wpn_fps_smg_mp7,,,10,,,0,,,,,,-2,,,,0,,,,,,,,,,,,,
,[Mark 10],mac10,,,,,,,,,,,,,,,,0,,,,,,,,,,,,,
wpn_fps_smg_mac10_m_extended,Extended Mag.,wpn_fps_smg_mac10,,,20,,,0,,,,,,-5,,,,0,,,,,,,,,,,,,
wpn_fps_smg_mac10_m_quick,Speedpull Mag,wpn_fps_smg_mac10,,,20,,-10,-0.5,,,,,,-10,,,21,2,,,,,,,,,,,,,
,[Patchett L2A1],sterling,,,,,,,,,,,,,,,,0,,,,,,,,,,,,,
wpn_fps_smg_sterling_m_long,Extended Mag,wpn_fps_smg_sterling,,,10,,,0,,,,,,-5,,,,0,,,,,,,,,,,,,
wpn_fps_smg_sterling_m_short,Short Mag,wpn_fps_smg_sterling,,,-10,,,0,,,,,,5,,,,0,,,,,,,,,,,,,
wpn_fps_smg_sterling_b_e11,Heatsinked Suppressed Barrel,wpn_fps_smg_sterling,,Quiet,,,,0,,,,,,,20,0,,0,,,,,,,,,,,,,
wpn_fps_smg_sterling_b_suppressed,Suppressed Barrel,wpn_fps_smg_sterling,,Quiet,,,,0,,,,,,,20,0,,0,,,,,,,,,,,,,
,[Swedish K],m45,,,,,,,,,,,,,,,,0,,,,,,,,,,,,,
wpn_fps_smg_m45_m_extended,Extended Mag.,wpn_fps_smg_m45,,,14,,,0,,,,,,-5,,,,0,,,,,,,,,,,,,
,[Jackal],schakal,,,,,,,,,,,,,,,,0,,,,,,,,,,,,,
wpn_fps_smg_schakal_m_long,Extended Magazine,wpn_fps_smg_schakal,,,10,,,0,,,,,,-10,,,,0,,,,,,,,,,,,,
wpn_fps_smg_schakal_m_short,Short Magazine,wpn_fps_smg_schakal,,,-10,,,0,,,,,,5,,,,0,,,,,,,,,,,,,
,[CR 805B],hajk,,,,,,,,,,,,,,,,0,,,,,,,,,,,,,
wpn_fps_upg_m4_m_straight,Vintage Mag,wpn_fps_smg_hajk,,,-10,,,0,,,,,,5,,,,0,,,,,,,,,,,,,
wpn_fps_upg_m4_m_quad,CAR Quadstacked Mag,wpn_fps_smg_hajk,,,30,,,0,,,,,,-10,,,,0,,,,,,,,,,,,,
wpn_fps_m4_upg_m_quick,Speedpull Mag,wpn_fps_smg_hajk,,,,,-10,-0.5,,,,,,-4,,,21,2,,,,,,,,,,,,,
,[Krinkov],akmsu,,,,,,,,,,,,,,,,0,,,,,,,,,,,,,
wpn_fps_upg_ak_m_quad,AK Quadstacked Mag,wpn_fps_smg_akmsu,,,30,,,0,,,,,,-15,,,,0,,,,,,,,,,,,,
wpn_fps_upg_ak_m_quick,Speedpull Mag,wpn_fps_smg_akmsu,,,,,-10,-0.5,,,,,,-4,,,21,2,,,,,,,,,,,,,
,[Locomotive 12G],serbu,,,,,,,,,,,,,,,,0,,,,,,,,,,,,,
wpn_fps_shot_shorty_m_extended_short,Extended Magazine,wpn_fps_shot_serbu,,,2,,,0,,,,,,-3,,,,0,,,,,,,,,,,,,
wpn_fps_shot_r870_body_rack,Shell Rack,wpn_fps_shot_serbu,,,,5,,0,,,,,,-3,,,,0,,,,,,,,,,,,,
,[Deimos],supernova,,,,,,,,,,,,,,,,,,,,,,,,,,,,,
wpn_fps_sho_supernova_m_extender,Eris Magazine Extender,wpn_fps_sho_supernova,,,2,,,0,,,,,,,,,,,,,,,,,,,,,,,
wpn_fps_sho_supernova_shell_rack,Leonidas Shell Rack,wpn_fps_sho_supernova,,,,5,,0,,,,,,-3,,,,,,,,,,,,,,,,,
,[Goliath 12G],rota,,,,,,,,,,,,,,,,0,,,,,,,,,,,,,
wpn_fps_sho_rota_b_silencer,Silenced Barrel,wpn_fps_sho_rota,,Quiet,,,,0,,,,,,,20,0,,0,,,,,,,,,,,,,
,[Grimm 12G],basset,,,,,,,,,,,,,,,,0,,,,,,,,,,,,,
wpn_fps_sho_basset_m_extended,Big Brother Magazine,wpn_fps_sho_basset,,,3,,,0,,,,,,-5,,,,0,,,,,,,,,,,,,
,[Street Sweeper],striker,,,,,,,,,,,,,,,,0,,,,,,,,,,,,,
wpn_fps_sho_striker_b_suppressed,Suppressed Barrel,wpn_fps_sho_striker,,Quiet,,,,0,,,,,,,20,0,,0,,,,,,,,,,,,,
,[Pistol Crossbow],hunter,,,,,,,,,,,,,,,,0,,,,,,,,,,,,,
wpn_fps_upg_a_crossbow_explosion,Explosive Bolt,wpn_fps_bow_hunter,,,,,,0,,,,,,,,,,0,,,,,,,,,,,0,,
wpn_fps_upg_a_crossbow_poison,Poison Bolt,wpn_fps_bow_hunter,,Poison,,,,0,,-250,,,,,,,,0,,,,,,,,,,,,,
,[Arbiter],arbiter,,,,,,,,,,,,,,,,0,,,,,,,,,,,,,
wpn_fps_upg_a_grenade_launcher_incendiary_arbiter,Incendiary Round,wpn_fps_gre_arbiter,,Area Denial,,,,0,,-470,,,,,,,,0,,,,,,,,,,,,,
,[Mosconi 12G Tactical Shotgun],m590,,,,,,,,,,,,,,,,0,,,,,,,,,,,,,
wpn_fps_sho_m590_b_long,CE Extender,wpn_fps_sho_m590,,,4,,,0,,,,,,-4,,,,0,,,,,,,,,,,,,
,[Ketchnov Byk-1],groza,,,,,,,,,,,,,,,,0,,,,,,,,,,,,,
wpn_fps_ass_groza_m_speed,K-B1 Speedmag,wpn_fps_ass_groza,,,10,,,0,,,,,,-8,,,,0,,,,,,,,,,,,,
,[Káng Arms X1 Sniper],qbu88,,,,,,,,,,,,,,,,0,,,,,,,,,,,,,
wpn_fps_snp_qbu88_m_extended,KA-ZDM2 Extended Magazine,wpn_fps_snp_qbu88,,,10,,,0,,,,,,-10,,,,0,,,,,,,,,,,,,
,[Crosskill Chunky Compact Pistol],m1911,,,,,,,,,,,,,,,,0,,,,,,,,,,,,,
wpn_fps_pis_m1911_m_extended,Crosskill Long Mag,wpn_fps_pis_m1911,,,2,,,0,,,,,,-2,,,,0,,,,,,,,,,,,,
,[Akimbo Crosskill Chunky Compact Pistol],x_m1911,,,,,,,,,,,,,,,,0,,,,,,,,,,,,,
wpn_fps_pis_m1911_m_extended,Crosskill Long Mag (Akimbo),wpn_fps_pis_x_m1911,,,4,,,0,,,,,,-2,,,,0,,,,,,,,,,,,,
,[Miyaka 10 Special],pm9,,,,,,,,,,,,,,,,0,,,,,,,,,,,,,
wpn_fps_smg_pm9_m_quick,MS10 Speedmag,wpn_fps_smg_pm9,,,,,,0,,,,,,-3,,,,0,,,,,,,,,,,,,
,[Akimbo Miyaka 10 Special],x_pm9,,,,,,,,,,,,,,,,0,,,,,,,,,,,,,
wpn_fps_smg_pm9_m_quick,MS10 Speedmag (Akimbo),wpn_fps_smg_x_pm9,,,,,,0,,,,,,-6,,,,0,,,,,,,,,,,,,
,[KS12 Urban Rifle],shak12,,,,,,,,,,,,,,,,0,,,,,,,,,,,,,
wpn_fps_ass_shak12_dh_vks,DMR Kit,wpn_fps_ass_shak12,Precision,,-10,-60,,0,,50,,12,-12,,,,,0,,,,,,-1,-2,,,,,,
,[Káng Arms Model 54 Pistol],type54,,,,,,,,,,,,,,,,0,,,,,,,,,,,,,
wpn_fps_pis_type54_m_ext,KA54 Extended Magazine,wpn_fps_pis_type54,,,4,,,0,,,,,,-2,,,,0,,,,,,,,,,,,,
,[Akimbo Káng Arms Model 54 Pistol],x_type54,,,,,,,,,,,,,,,,0,,,,,,,,,,,,,
wpn_fps_upg_a_piercing_underbarrel,KA54 Extended Magazine (Akimbo),wpn_fps_pis_x_type54,,,8,,,0,,,,,,-2,,,,0,,,,,,,,,,,,,
,[Káng Arms Model 54 Pistol Underbarrel],type54,,,,,,,,,,,,,,,,0,,,,,,,,,,,,,
wpn_fps_pis_type54_underbarrel_piercing,Flechettes,wpn_fps_pis_type54_underbarrel,,,,,,0,,,,,,-4,,,,0,,,,,,,,,,,,,
wpn_fps_pis_type54_underbarrel_slug,AP Slugs,wpn_fps_pis_type54_underbarrel,,,,,,0,,,,,,-4,,,,0,,,,,,,,,,,,,
wpn_fps_pis_type54_underbarrel,KA54 Bull Stopper Addon,wpn_fps_pis_type54_underbarrel,,,,,,0,,,,,,-4,,,,0,,,,,,,,,,,,,
,[Káng Arms Model 54 Pistol Underbarrel (Akimbo)],x_type54,,,,,,,,,,,,,,,,0,,,,,,,,,,,,,
wpn_fps_pis_x_type54_underbarrel_piercing,Flechettes,wpn_fps_pis_x_type54_underbarrel,,,,,,0,,,,,,-4,,,,0,,,,,,,,,,,,,
wpn_fps_pis_x_type54_underbarrel_slug,AP Slugs,wpn_fps_pis_x_type54_underbarrel,,,,,,0,,,,,,-4,,,,0,,,,,,,,,,,,,
wpn_fps_pis_x_type54_underbarrel,KA54 Bull Stopper Addon,wpn_fps_pis_x_type54_underbarrel,,,,,,0,,,,,,-4,,,,0,,,,,,,,,,,,,
,[Argos III],ultima,,,,,,,,,,,,,,,,0,,,,,,,,,,,,,
wpn_fps_sho_ultima_body_rack,ShellSwitch M8 Ammo Cache,wpn_fps_sho_ultima,,,,5,,0,,,,,,-8,,,,0,,,,,,,,,,,,,
,[Wasp-DS],fmg9,,,,,,,,,,,,,,,,0,,,,,,,,,,,,,
wpn_fps_smg_fmg9_conversion,Whisper 9 Silencer,wpn_fps_smg_fmg9,,Quiet,,,,0,,,,44,24,-10,,,,0,,,,,,,,,,,,,
wpn_fps_smg_fmg9_m_speed,Celerity X9 Magazine,wpn_fps_smg_fmg9,,,,,,0,,,,,,-3,,,,0,,,,,,,,,,,,,
,[Gecko M2],maxim9,,,,,,,,,,,,,,,,0,,,,,,,,,,,,,
wpn_fps_pis_maxim9_m_ext,Stack S3 Magazine,wpn_fps_pis_maxim9,,,4,,,0,,,,,,-1,,,,0,,,,,,,,,,,,,
,[Akimbo Gecko M2],x_maxim9,,,,,,,,,,,,,,,,0,,,,,,,,,,,,,
wpn_fps_pis_maxim9_m_ext,Stack S3 Magazine,wpn_fps_pis_x_maxim9,,,8,,,0,,,,,,-2,,,,0,,,,,,,,,,,,,
,[Bernetti Rangehitter Sniper Rifle],sbl,,,,,,,,,,,,,,,,0,,,,,,,,,,,,,
wpn_fps_snp_sbl_b_short,Wind Whistler Barrel,wpn_fps_snp_sbl,,Quiet,,,,0,,,,,,,20,0,,0,,,,,,,,,,,,,
wpn_fps_snp_sbl_o_standard,Iron Sight,wpn_fps_snp_sbl,,,,,,0,,,,,,10,,,,0,,,,,,,,,,,,,
,[Holt 9 mm Pistol],holt,,,,,,,,,,,,,,,,0,,,,,,,,,,,,,
wpn_fps_pis_holt_m_extended,Extended Magazine,wpn_fps_pis_holt,,,10,,,0,,,,,,-1,,,,0,,,,,,,,,,,,,
,[Akimbo Holt 9 mm Pistol],x_holt,,,,,,,,,,,,,,,,0,,,,,,,,,,,,,
wpn_fps_pis_holt_m_extended,Extended Magazine,wpn_fps_pis_x_holt,,,20,,,0,,,,,,-2,,,,0,,,,,,,,,,,,,
,[Kahn Revolver],,,,,,,,,,,,,,,,,,,,,,,,,,,,,,
wpn_fps_pis_korth_m_6 ,Hex Cylinder,wpn_fps_pis_korth,,,-2,,,,,20,,,,,,,,0,,,,,,,,,,,,,
,[Akimbo Kahn Revolvers],,,,,,,,,,,,,,,,,,,,,,,,,,,,,,
wpn_fps_pis_korth_m_6 ,Hex Cylinder (Akimbo Kahn),wpn_fps_pis_x_korth,,,-4,,,,,20,,,,,,,,0,,,,,,,,,,,,,
,>GRENADE LAUNCHERS,,,,,,,,,,,,,,,,,,,,,,,,,,,,,,
,[China Puff],,,,,,,,,,,,,,,,,,,,,,,,,,,,,,
,,,,,,,,,,,,,,,,,,,,,,,,,,,,,,,
,[Compact 40mm],slap,,,,,,,,,,,,,,,,0,,,,,,,,,,,,,
wpn_fps_upg_a_grenade_launcher_incendiary,Incendiary Round,wpn_fps_gre_slap,,Area Denial,,,,0,,-1000,,,,,,,,0,,,,,,,,,,,,,
,[China Puff 40mm],china,,,,,,,,,,,,,,,,0,,,,,,,,,,,,,
wpn_fps_upg_a_grenade_launcher_incendiary,Incendiary Round,wpn_fps_gre_china,,Area Denial,,,,0,,-1000,,,,,,,,0,,,,,,,,,,,,,
,,,,,,,,,,,,,,,,,,0,,,,,,,,,,,,,
,,,,,,,,,,,,,,,,,,0,,,,,,,,,,,,,
,Sting Grenade,wpn_fps_gre_ms3gl,,,,,,,,,,,,,,,,0,,,,,,,,,,,,,